ID,label
efc01ee739543c57a70c7d59b6fbe270bd2f3cadb1d78229d39732b6f7a584da,4
8a79c2f574c238fdade968065f279296a8e871b3e41084059b9c07e179e20df6,4
194fa4cd0f920dabd878c0129c205160cb038c3d5e135f82e0ec44d812c112be,3
50052a714fb16ddb0347e7cb91966e80f00d567c5b3af3111324d2785a6fa64f,4
fdcbd8e927a2a53c4cf486a1ae00f2fe7fe611dd636985acad3fc234eed08ffe,4
e32d4316ee64f29279c15155b9e75a24f355fef64a8b92ef785c140feb87dcd5,4
729b64d5cc11f4af395810b400153aa9a91f743e870c350b7f4699239b5c818d,4
24e94171b964b2c497f8015f9eb034e60b2be313cd97018f560a9ef4cbe84c92,1
5b1d5761d57e6aa80433f13313b50acc6163331c8452943c449536f1060e33f7,4
0750dd9249add639c54177b490128743d65512e6be572bfa478819c751f7adf6,1
8df27062bf92302551fce7429f0e1b226b23290dbfb2d8b4f26c79c4267ddd23,4
e2f140f0b774840c85206288c432cf6bc62916c8c404b4323b26bd19fb389615,4
4ddf4ace949f064042d1977f93bea96d3228e12bd8b5005ae8450d4ff7d313dd,3
1977f0c8271607eec094096c43d3a420334d05278d616a3749a1ef07359bd3e4,3
f3101ae75e9bf4cda57ca8d3254605f09e6d5bcb319b3f2761a6a38239d9dd62,0
c35f69b2473d9a73b3d4891121e7a5f223ef6f7d35cefdc1de64e0d599f441da,0
318f66062dc199f960b54068d5b86070a74a84df7d96476097b6663127153d1f,4
05f8a94591b689a8ad41ee7d1e198a7ae612197f4cb3d971dd618ecabf434f56,4
713f4610340f8e3209575162c1a70a518408ce4814ef96ccee781d8995f91310,4
4ad71e1dd89952f5c9d5a1e22973e62e56de522b9bc061206dcd3e5c149d7509,1
5ff70d53203f80a2e34147b7ccb6c4eaea2f996b013491ffc81863feb8109974,4
8b0bf93285c1b079cbcf2cfed198c535f25ca45e40f77ee9d03cfc6bc6d96378,1
6f28ffbb8b6e2bf16dc303e686076e7b8a5e75c22b29fc97f4b70949d4f07b29,4
12a33ec0a1380e5e62ae6512b2d97d26f66b3a013fe5eaeb383f9ed76bbee277,4
23c7436d075f4da1feb1bdbdd5ec28860d3f75b74adc72121631779d5bc5c4a2,0
adcba3b496066fa3cc8dc298232ab187d1579b962d1fcb83ed4005b2ac59b1ff,4
ceb3ee55f471a2d80e1a58c9a4f8cbac1ce9b6a77a071dbc2503fc8414d9d1aa,4
a2c7642a59d5fed6feb949f5aae2ac763b2c73c034c5c934e33421cdd79f03b8,4
a0da1637e806e5525a21410a55e87e330cf868737e7c35a44685117eca2ec745,1
1b3f57aefdeed0b66cd902e77dab36dddf2624b9d0f3f93249aa849290153d00,4
57c7b10640bc6e161b0f85f99068563d6ad7490d1661f953cd3652d8c0f55c7d,4
76e1d7c4f430c42303ffa50f6b6aca5afd553d3eb17583a95014f03ce0d43b71,4
c17b66bd2d1a29868f131ad0f115b74a3a1448704e5d18d6834b11a6363d5848,4
5a769b29c14b27da005a83e2a89fae7909035fae345fc624718484bfe5801867,4
f6a0f293eaf3d3ca018a1c54fb92a268132b6b1d34a60c68899985352a0fa8b6,2
706de72d88d3b03ec8a8ae96178b3bd0474f0538c1f88914ebd62b4bc904c0fd,4
bfa42aca56097358e7111691728c55b12e652597000453bfe4bbff995f539912,4
508f6182ede30dfd557123b4b3345c3db14260c1c1b83ba7ebdd4f6cd4bae61a,0
43d289e805ddb12df530c2adc697b498325e205df0ec7966aae50b43a8651e37,4
46604543d25f05856f24b951c4400b8b8bd222cd1d8b8def32ae6c21d547a5ed,4
b2c43943661530df38105f327ede5fc86aba578889f406503eb2e5c147ead3ab,1
68baa4107e678e3a7138ef83ff7b469b45611753ad409554da8ec926e84915b0,1
875dc7cb7df024d56893dcd447c3bf7116658ffb3260c5b6d91f70de58f282e8,4
3c8d4c968f8a0abf594ca75b902d7dbde5a069f5a7f3de10e72a95282f899ccc,0
3fc13af2110c250cf8252ff12f719005b977428267c243f68957b6249ad7b0b6,4
f28f397b9e630935c67cf43b67ded2d9e507d13a49b96ac6fa68835c4260c527,4
6ed211a56a7c33920747eb18905da7d0a3394e9b496f264b017fba9cd659d654,1
99d4f44c6fd8febd8abec313c654de2193fa1b7001c1f3ae77d71d089a6e69e5,1
236c80c2894194c57950a56e9b6088d4dbee186c2c2a9742bb5d39bf6d7549d0,3
1e59fb5c27e70a28b1a2e01f3aea9b44ce7aea70fc3019022779d085fb756a53,4
1010bbec2e51c54420a79d21a10873e2867ac1453ef8f95f490716e474b524de,4
0b06bf772100635ec684e57777458c2ae97c1bf148ec9f911f77293f77fe9c27,4
88c9700e4d8ed819c033d89fe8a9dc72d6ead8ab9653db590a280a480649f2db,1
81a140f37d415d7fc2c18ecc08937411db41d5ae82d7f841157ad85e1d7fa394,0
79e2df061bef65f4af1d2e6d2ce47fc2b8d0ef3476ae2c027e6745c5df9bb5bc,4
bda076357e944761fb370d92fd1cbf519d28f21982a7694c2dde520fb03d11f8,0
5e7ddc483f7e9dfc46598170c727b58aef4fc48c9c7b45d4e144318b8aed6fbd,3
e94bd37aac7c0549d59e59ef4895ac9029d92e8f1061507204d4b924c3a573cf,0
cfd9bb50ff87a0225a323ddd62cd2028e46e2bb9c14075b2418c94861641ddcb,0
69f6f573805489ab56a37d50621790ed127e437486730f962d854f24003b5b03,4
69a32fdeb64874b113d17b84cc9668a582e80b4c7d60d790f52406dd5a31aa4e,0
24a64f532330675b732369c9cd8f16f8e3ef8bb6757387667502c69e0c936a8e,3
539e971cda9df337e14b9d9c15c3fc70876773821e1e8ba82e7bf26afd2098e8,3
c74262eee5033d5a755cf75c209ffd12460588efce1fadd0b8c03cd2a13fd49b,1
8007225653e168a13f00622193387b202cae274296c6c08f4fdfa71565f5c6b2,1
95de9615e2c7760e4ea8d6bf548ac572b1a6fb3976dde98057787358405a9e94,3
715c5c9af637af5d9b6a204d31ff401391f3f06cb04a7e3bfc20080dafdd7e9d,3
8d7a1ca40b568fdcc9875413311bc26b2efcf23099b2ce97d0751a6c0dd9079a,4
dbd815df8c6edfa9dd3aabb1d558a9f22827b4662a7e383332c7b87e9174d792,4
da97cb37ce70fda07fde306801a51a500239b0da79bf786a25b4c90830cb9687,4
c241c364bb9ca7fdab904162cb9b62261cede1a43dcfa62bf777f692fd60f2dc,4
58fbc507d12695f031f93cb38d30e0fdcb9a6b868711cd09c67fe0255c634e9b,3
cc4bd3d5b452f2e758133c28b302e38c8e9ddb840674986840aae0a96945f978,4
8b82884e1ecb67bda85cc794de5b696812774ecfdd8e88f9522b304e2964bbd2,4
4be7a4e9d316e70b842f70dcc96cd715dd0282b751dfa34c4cf0577daa1bfdc7,4
b4a07bbe3d9448f40a8e0ffc5406c5514aaeed9350ac2fa4fc4a0d01cde58a98,4
f63a0e2847b7c6c4b3a60b8cdb206198dd6f6afa141d3c7de6ec4ea45a0b1b3c,3
028adc409097c5bb75692ac5a14a9c3b05d08b54369605bc13f118bc785bb2a9,4
d8458e389cc5fc9032a9c69a8966bbaddedbb16b3241dccb17c44dc6f7c6fead,2
164d2ade262a6f9105da9368d55ed6ad039e4b60a3d16d978448b44b407ac013,4
2f493debc620c759755d0b4d0617bade59126829fdbc4fdffd77380fe3f658b5,4
756115d433e7facfd459b601d135df4fe0c7f8c93b53cbdb182e49e1b4001cbb,4
ee6c1466ce71f7f03cd2e8b4e68d12c6c0ef040adf5ea92e706b6b0e0b52cb25,2
d91f769eb5909b01cc574e7375a806d460e5bfdd206a6332f7a0e25f3b8ee6a9,3
458ceed381785059ac9a8ba73eabd744a0d13e1b536c865a7d7fd3927bcec61d,4
f538a7812b65d56e52c0f9da045322a15231c178693b5d36940e262f8a6c7d28,4
8c335a01b06ec08979c454d84f65c79ba2d80e5a874a2b4ae5f828ef11127528,4
7f613429ccc91ed959b054d2dceac3b20a1b127b92303987392602e8b6623ab8,4
9be63680d4eea78f17e044374945849e493e07c02f75d549e83e19caff12be92,4
aadb145b8a56ea25859cb44c28d718adccebbc2632e35dee9660e32771224b81,0
1e334705d781b20692c2ed7a4dc3ff06d177f2944e46cbdec12ebbfff452fa26,4
46f5cf4849faeafb23b3dbf0e674fafb6614a2783a31692ed89a8f15b173c6ad,4
b44349a2f588857bd434864d25182565c9ef07ea17305d8c02893740407aead6,4
d4928a2cf8e766c1d7b0af9f1187bf09f735d0abaf4ec543659b3ded0488b2d8,4
f0c696b8d4958fdee69f26b8165f8aa6d726e0017a548e5e314e21e8bfa97a06,4
081c11c7d84b2845c6fc5c3b2ba62a5299b1b8ecee8917433ce051fef5d996ae,4
ad986f053a531c839db179bf558bc92ddd3809f9ab8d28d56e36db7e30fe7b70,4
8419a2a33e4182d10514217b8f942bb246eabce9c1135a836f1aac256c8fcd13,3
1eeac57cd3ea74f70f2db25457621a5ef1b50b801190881f43fdd1a3a51cbdad,6
b80381d3dae1efd058919ce81f3eea1f940d2f9e38dd1c8ec2c2a33b339013c1,4
a962f074d269e8cbf787c90bb6a776341a0b621a50df1b317536a8371a8ae930,4
74744a47fa1759f6be3ef8c17956a8f77d8273cd5bb5d2ce62a4bc0c5eaf2a4b,3
074dedf14de0bf9d964993a7c3c8a40b2c79289cd171d347070070378b401339,5
5d0801a5a82235342966caafc0b253c363dccff39275dbe32d112cef40fa5cac,1
c2b8dc45560c36d802c639ef17bd47d24964c85e6597a8f37e80a6e6fa13689e,2
6a37a0189d4bd656cab83cb04cc55125459234f715a9efc9b63c9defa09a494b,4
0fd1733477c6f8316044846a6d6c66cc2cc7bb875b56454cff05596929cc0a55,4
15c5ee09599bbb31a8cd8eb7a7ba0fbfcd01a8d819edec1b8975a63dd8abee94,4
181e68119213272fd673e822668a7376479913fc98c0cdd2c49e2662ea6e3142,4
53983bd21f0e66301ef736b0c092caac0caf1b67bf696c4b99310e9e7d8678f6,4
d0eee5f2321d29981308f3c88bd977d9fbf9981071c5fa27f73e42a4e17ef491,1
ba261b10c9ac67d3e7e70bb0e11882454a7375e06ef0f4e3fc4c2611f9ce5237,1
00611f32862c9ae98b29e96244a6776afe30e1606139367b9520c946597c39c7,4
2776633766ac5e9dd039557c15b3792be9d469aed61dbc0175fecc5de0dce50f,4
1b65a5ad59c5f3fc543af2193e6bf3ab91ef16880429668391f6b7115a2f7f35,4
fdf16d007118257bbe449448ba0ba29f9be5f1b8cc779c444396c8f4959e1152,3
766e7d8ebe83b25e018cdca9c94d86e048d5dc714082609f67d079dc1c554c4b,1
c0cfdbf93b8d16cd2f692a65f537431f2a60f4ecc38f7eee48545bb282b8a76b,4
6e35008be4d043fdfcfdba8ebb4444e77dc079e90a2a3b1e0220fc100cd8fb3d,3
5baed73033003b154ce5ad1ea9915f1af2ee9cda12b82060deda5cf4e2d41e47,6
4493dd6969ce7e219b174d8ae8c270bb6cc078e4a46ad120e41b96f9d6fda4d8,0
95cc7e5bb64d74094f1b250d58beade51c29585a9b72ce833efa6841f3555f03,3
631f6819803a6e74712cd3ca0b2816b0a56fc6a77ab8defa5e6df844c665651e,0
c7c626fa964a3883f868abb50fba0d49f901b0ef438472dc966562d0e76821f2,4
f694015027986df6d07d71aef1918c4e6b4be0f7fb31e652df68897405009c5e,0
d2c5b45897b1a3bb3ea77731becd475994a8769437b2edc6f87bc55d4c58a397,4
202cdd4fdac84dc800744337614c629bf9a96bc2e40acd8ed611e34fbd0a0944,3
aa227e38efb717f86d3a3218e2420701256e08fc42ca12a7f05b1f85681e63e5,2
b7292946266bbe14503397c505d9843df02d5c4dfe2f7c9e190f730341263fb1,0
1287059b82907f2b9c147a425d85b935606d22d21c9b0d2f333d786849c3fa05,4
7d7570b8e022d9fa351dd894a0c1139c0755fdb8133f1007d5dbcb29c32af852,4
d76313dac95c4537a07a59b86ab2b1cee00c89aeabb0905c07987490ce0d2c5e,0
5ff6426891a20ce34f7302b1262e19cfb35092c8c15c69b6dc283336a7ab71f2,4
6c3f91644554721b563f801ef75361787394c5d7057922512ce3d10a05bd2a10,4
eaffb5606aa3706ef61c8e05c59d7f6e7cdad9883012f6b8348609b5c7d310eb,4
9741ab69e8f7f55d5455081cbb933428df97aa2edd20a849c6e3540be8631d36,4
69c08e0479ad87d896a8606f8a4c186c5a02f79610943d3c756a1478dba0c7e3,4
6a7737d68d762f6bc0a1c6588d2f4b35af4467c5644eb3bf56e91a95e845b065,4
ce702bbaa5a0e307a136562e80c3ff4e7ff6663ffc1dd2e1baa7ce62e430af01,4
5b4b32b3a78ddb9e835048515985097b7cf1faadbb02b4f0e29ca768d5aca83a,4
157955b08329d46c1d12ca05dc4f0d9b99bd3c20109e355ddf22595c55e55fe0,4
61c02b1929291969b1cc4c1da3f0f0d5afe130d9514ec23fc9310e2134a0278b,3
18409f71aca0a36ca427ce536f0585b15776835b75338fd982517ccf8bc9238b,4
cd4f609e79d6b0f5a1616d5d3ff97793ac8239ab859facfa86452271f8652472,4
94226deecadda7ab1c6cf07877323c21d6fce64a0c4fc1c65be089f8d5005a06,1
599685921a1cbf39470cf76fbeacbc02163e5a93f82b3b2c77e12dc77a123a88,2
3b83414d0dc06e584bdff6848befcfd3201081b5086de8f72c297990ed3797ce,4
d8072dddb5912528d989fec1468615132be9224cc9dd14e074669387de55a837,4
a885dcae545f385869035ed73a74c2783acec31b37e530a791138539d441ce9d,4
356dc84684c5e5caad1fbf525467e703deb4ca95a2d27d14010498e1bad1c00a,4
db39cab271a7aac978258e65ef1e78770e57e760f993ad8fba35fdad2769e673,0
1af2d6d21abc16b5f87d1dc49014fc90b51a1a5d030c08fb692a3f837a4fa4b3,4
1c05618dcc7fcd3ece2fc34c408382d01340892ddd0cff28917cdbdda83c22cc,4
b309bd70389f6633e23ff2f27f4ef479e79dc72804f862a994674d080c67b9df,4
1db10f9b65c9a612f76aff1b3f296a1f0612400e413b079c5e6755f31ae4e3d0,4
7c9d48df22841f4d5752e235e580a772b353485fa2c1367c183be043d6ebaf17,3
efe9606bc8c7e8ed7ef02b3ba4af9d23a15aa6357e890fbd0c89ec31b51cdcc5,0
37ffd86b13d188cf44d973d05b22a17c11b42a911357e7ea31fd4ab919deea93,4
0700e41c32ac0b41da65946dc1b41e1df937f60821945afc69b82a6dba04dfe1,4
00d184962bc1478c44ea28f8dd273c85bd146949116f47ac4506f4c118481e10,4
494c3908d379a4a9f2e07b9752b4857b543ee3933f7f6a330f5b1143dbd53e96,4
cf8c4568e3637a7467b7937e95b1b3997dcd8e17edaaf0b8da0a99c0125fe9fb,3
ad4e403687eee17a47bdce48ee363b4f541155360594207d3dde7083cba2fa41,4
685cadaea5bbbf8d5ac4db4c497e395bf49c5ce67fea1dbd016ed2a9761afc96,4
aae3de77ab6200f897358f3be65befbf2b44611567d1a07f511064d9dd3e4fb9,5
6c3465b6c83d3c05dd39b26bdc137075056677b764e46d673adc12305c6bc892,4
edb0674947e9fedf8a955e930fe98aab9bd430474f9f5ca470fa3ebb57152d2f,4
2bf8ad6832c63832baf44ef8e531096b352726e2317b0435cc077bd643a88872,4
4d5c72b1614b47fe1fc696ae477f51c08bf6aa7907cddb10e4ac8ad645b27ce0,1
ae83c8466b2a2ab4c1bd8ffadd844a96fc1ceb59b04d5d4cb611f5cf8b7b754e,0
655e0a990bbee76c7bfbabe3b76694d9559f5ccd3b1b1898e60b1997f47977dd,0
8ae008a6f703c7e71ce1a36c0a53af5878df247a7c44f74616d273bb1b02ee01,6
dd994cefb79301f7a85c7b38da878f3a088f4c3c5a377a7fcd3c0e57765c2387,4
934eb9632757035ac641fe53c7bdb426dfbbe6f5cc419a8445e4b7e723598cbf,4
e5a4a43a31453c5a73dc5fc7f8e989a5c4319062473c1bcacdd38f6652612ca2,4
e865b66508d10348d1804daa8238712d7b391f4a75a1a73e0255e4ae30512da7,3
bbf70c998284ad89115b3bba77b38728a0151a3dd12584e73d9319fedee1b555,3
5ec500d07bb68d940e2745237f2e492398498e09a3cad1c60bf966d8a2f15f65,4
cb9d72a6516737d55493aa6a94417bf33d8ed20c4b4fb3592116853563780df1,4
c67af870acd0e64788a9ea6a82ff893fcfb2ca6cb55a84275c7980b90017a353,4
15a3c97d3c94638c834eddde3195c5bd5ad27bf1aa1e6d29c72a9045d3e59a06,4
c6c1642c16cd4fbaa4e05692b70bfd632fad1bf5dd1d0680fa970c37af8efbf0,3
618577ac28f6e61e8e06d324fa65a08ba6cd20ec22cd5a0d7ed74b25a7f5fa12,4
fa189cbd16122ce11ee6aab810e2607211179b38a745063aa1848083e4d1ec2c,4
acc429d68a691174245af0b9634ff0d91bcd92fdaad57e4fbadeda9e1bc5780a,3
9ba2acbde26878173e8c4ef3716b5dba9c1e97f7f10d532654b0904a812b9c04,4
f5864316b09bd492d3a859fb3e63574d4437a91af1640116216069a86ada7ca1,4
2e82f8159ae37afc4678b95800764724feb5a2ef2c858495c8e19d288588765d,4
36df010c1a921a7658bfb8f66ebafbdf894fc3219c9929a1414a4640c8bdac66,6
a80508bb0152cd60fd4856acb74ea8c2a5f08704bc0e64b09e8968792b7c1e8f,4
0179a673901c0617f3e43c1bcce114b704a27c53aca662f32c6d1f49618675c4,4
d88fbb5263cc7a346346a4f03a956054976e01275ce0f3151739c3a5da97497e,3
528a13674176c63dd63657cd00d65cde86d094e60ab7e5d080bc82e5d0af2fb6,4
6412b1d32c3c2f085d42a3d2c588bf2dbd634171810725247169d3bc899559fd,4
560e4551bbc4a1c5bedb5106698e37e77b3e81dc67d1c57a792e4ca4b2f4b8f0,0
18b2a021627abe1673787c04571fadff82ac21be73ff7efe145a9475afb6930c,3
3a774c92e349bccf652394759087de0a571a1517da09d7878dfa0e8c30d99934,4
19b621f54a12e82026e67ed5fb6d7fe9b622c90a5ce5ffd4ee218f93a2a33652,4
90f90abb0e79356613b2609ee79e7c62a16278458fb1b9c4f8387f571e2fb4d7,4
257b507da6774a450c3ece2cddfe84e969da8bbcef08b210459d506ed50138fb,4
82b397d9e15305ee9e10cde98fea16126291f4b1d524dce89e38e9b9d2dfbe1e,4
4f75fdbeadf78d487cdbc178d59e1202d1b62fa3034c235af0051acae5e27b5d,4
c9c92f4c55fa564f6d346ca36562a8e85df7911c1fbaf1f3c8e4c22fc77d1c00,0
17dbcfb0c5e2dcac44f90a92e80e68240bb332a4b7f3b0d0385f01a2f477e111,4
40dbfbaee43bda03244b49630548ab197d5bb5c9d6712a004eab62d52d793319,0
d0b5306e2fc71f675a993267c74b75ec7ef8436ccdc12b04c32bce4a69651251,3
e98178cb1544ba6fb7d9dd2b6a5537cc345e666aaa3cff09f86ee7f8334edb69,4
f17d8b6516b4146fe39a812876a21a52979a85c2740707229a644c816cabeb23,4
7086e423acf13b97ee9865ecda3abc85305a1f3fa800c02db8eb2c4eae7df206,0
bb92e6a4af83acadceaec30f541ad2dfbe971d53e8a9fd3bbcfab067f4a5210e,4
4692c2e1ba477f5eee5fbd83afa148c4918d293eae1bdba19e46420ab146bb90,4
5265b7f8c558792b520222c9726878666ab1e8f69d01a24cb127dcf2600cce28,4
9d094f28063fa7d20c5ddbe521b06f79f567d5058e1c7b9104dc8fb8db99f73f,1
735e632dcf8c03972c398888ea6ae6e46f7be932237c4321332e58914edbfcd2,4
5f8d7c0e89d6cce91b5bb6e3f22587abbb157b39f40146480a973da14486d3fb,4
0ec316095d2fb0a66bb49a4e092da635e6bd4affad3dc403be9d1fe96476c62f,4
65ff2605bd4671fceccb01db171cb0cb44f69ad360351fda0a9ea6d574a56a73,4
d47958d8e5d027e3718c84e296a8c0f539b81da46ce8b3a99fd7c9ac0bdb3e8f,4
7e8a05e289be6a3252df1ecff77e202852176d64aaa1e738f75f62d4f56be494,1
af3fe61a5bb0d660909cd09c31cae6a9a69d2fe9b5a690a0a741392015482446,0
bccd19e76693d934a0fb3ff617bc700a828bf1830966174f01b3124d20daee92,0
24e8a61d298c590c0a017705a8534e9bd30b3df5924dea54bd47f3cf6f45c27a,0
648cd7eb22a6d23e9a1d7e714295b0731482ea78eb54741b6df1224d205369f2,4
e7af4227c6ab4fcabd7b18eccd1cd5a68842e0e2ddbb3e7b9156f008700b5efc,0
fabb3b632795b89bbd71ec5dc1b4da606195e2c180d7b8fca64498e50921e0a0,4
8f8e891504026d9faa23c8bef05b1b05f24cb95e701b3d40406cb8c7336d2058,4
3b698d941f20dbaab7543cc9bf661d7decc4dc178d0d12a0a6c5cff085f47aa8,4
05884161e7d8f19e730be2068c5c4ec3a08d43571033ee3b0a2a6473c11213fc,4
0d4ed3f69d2737effb3c9f8f78313f8580133fb67e867456a5745aaca03c07cc,4
000e13995ab3589a931dd00bdb1142fd170684779cb13dd5f1d155d996fdc78b,4
08895582f7f2cc3bd1a4ed042c0275c946914a924016c745620356d8b58eb906,4
37f1b848a74d81e1d50983e9b0d3cbe9cbdafed9e7a68260009512971e89f645,3
cd75489ce8f4d690ace76879498b8a275a7faf48f3582f7a8f8b89cccec16565,6
84aadb9f97c47469cd5096cdf0850775f84ff02c78e0dd3c27def3303726245e,3
df6e0710449bf96041f6098b0b2b07bc5a545710f0c2f9878a919a976d80070d,6
a86969997f08d58847771fb43e4c54b7b21edca433ac08ef7ad9946a40215743,4
516a2246568b70238b856b5615054a8f49428d93d8d16dd451a7f99c8c28f825,4
502b535664714774adf07e6c93692d94822ca31ba989fa74b257e628a54dd592,4
a6b7f9c8c1f2470211a2250e0f088cb16036c1d7e731df6ca7788cbb9ecf1ee7,4
982d7aa4d55e75dba0e9c7e09698f5d5c62b2724cd560d8d06ef07fbd3e5a7bc,4
7b6f10b937562fe94f140b0df06133b78201a4a6a2e6f2b369bac2d4d83f6243,4
5f6e376b75991bfa00548241e9faa56df46c43a61865ce99ceacc4df20ac693b,4
28425d03ac6fbeb2b60dad9b757a5232cd6bc056d4ea63c464e438eb18d42ec8,4
a801d423b92b147330bc2c2e440360b12bb9c941b534817195246af77b571d69,4
e8da2914ab7621f2d87d68a859f687d5e38243bf09d214feb07532dccfc98258,3
696cea5905929ee08080990d1185e1818c36d8db47b1ec6aa5f06b8000431a37,4
3263a9b2fb972bdee476c677150f1e1ebd4b7fbf41e7d19d90a1e57ad79f6681,0
18c2ebcf833d1088d0a360670e9d8d14baa9bb2cea60fa6c0326705268f5e78e,4
c5729dba00f286f686cba2c0ef34c9317b43106c40a4c83cf69f7d9ef7b0d4be,4
fb918891fd71f807be7a4865f59801f54cf264ab0ad44afd359cd6fe5c751503,4
e9c9822fd5bcea1a437f764f805ed2beabbf12b2210574cd31033bd90d79ce3a,0
80e831eaf2dbc9a78241a21c7d5ba7a263e40cd14b8f558c7966263269ce0620,0
072059ce151ce5782ab2a51e1211e6ce5e48b2738bbeec0671a7e83625131f96,0
0ab5ec9ad796ec91db0a7dc5c01165ba1f5f01080fc59bcafb7774bd2361f774,0
6b0c77ad89ab57b9d2c12748b34f81ef94a5ddf4843e3d4f58950ed59062e9a2,0
f44808f1ffbd74b666430a06e183458d2b1b661c2893d0103283f7b7d95bdbab,0
37a602bf1cf967f7b3e2c7f938952879abdb5a012872dba45fe7e889b6009211,0
09feb735f14d9298f207daa6fe772f3f6232c1dac91436f9c4e7f916328f81ef,0
5e983115617b19e2daf0ad4bf5b3c5c11875212f0fa3134074f540444bf1f4f6,0
58b61e4341c1a305b7916a6c47e59e6b02c18646d64f88599ce961eec754186e,0
2437c02c46092f8ca424de2b4dc701d3267738d40c1ee41352b18ad2d55188f0,0
e245097e8571d23567d854db5c8f9d9bb414706dff20e3a899bd59541b245433,0
449ad2864e1f77001d504d762ecbcc89755dd7079108a70585f0c8f2f9ba910b,0
64ebec17fcb1e6bb305d4ad0e7ebd6902273ef132d330437ea1b5cab7136849d,0
aa1f729e7e211f42b7a1fa2da84623e28e335c4d89c3f76015f532d8211750c0,0
726c7e41e85ebdb5e7dc0bd25eefcb76abfd972a4157a522ecef6e9c3e4804cc,0
336651aa9320d8955c882a78a6d16c6d7e07805ab6992d96ab22c7bd042a01dc,0
984bcf10dd5c4bd32cb5ca24a6468c4256ee6d4b0000a834f49a31f2001603e4,0
bd2b4d6ffc067d0494921661d83de8c786b1154f669970b021f7b49749bb9037,0
9ff38fba6ec2cb97493632c5330f9912b9e613ffff8f0766f6494671cdeddbee,0
dc512897cd8682f077f997c2b8d97fa12c57fbf03e8063c5d2a6b5e6e20b3f17,0
c61c3d50e3d50c1991fd37dbca67ebe54438f3421a16eea9e027b42b05acb5b5,0
0e37ce286387d25c2eacf2f01a86a611a5e45789ef7e6f0bcea579ddbec899be,0
f4863206d19e6073802f4acac184ad8d78b4b1ed13fc311e4da78c36f3fc600c,0
a124038de161f7d105028d4d86dcb241c7d52f303ac7dfcba8125158594a45ba,0
02500bafa197365553f5171084d9e0f16fe9f0fe56748ce4ad1c2a2a57bac8c5,0
d17a031247cf9fee649fdb7374d6cc8b412da76edff21c2987b1ba8b748bead2,0
0b2d13fa269052be681cec6b9604ea9e7423ac2e73b96287bdf04ee4e3e69977,0
56a8624f94a1e806a0bed4a94541fc8fff2e97ab0723e973418bd1b960073f97,0
4d1f6f0966bbd775a1105a68a6c37bde954c2602b3ebd7e758fa4e2d63f921db,0
3936d2649a09f1ec32bf1a950b9ee4b57181d46a6223c7bb58294d1937ecb44b,0
cf7b61a81d6c2845e1b6e53011c3ba9045ddf7fa10df8ae34f2702dfda9cfc30,0
2e4ab5100aeef706052997f06292646ce2c130c3984e420e16d4b31e84a385f9,0
b46d6fe0800974cb4479d0d6234e44cc8b1db2b6364d608e60e51aad7e44d0c0,0
da2dbb65bdd99845740bc8728d6a50aae924bab87e09f56859ba5ab578bbc569,0
007b87e0c4dcec61ae99f008105fddf71a8ec76c38ed106f524f69b591d02573,0
c6f4f04b9144531fc1e1116e54ee4347671175755ecfb1227c7fff28920bda82,0
5e0164dcf815d9d40a8b43fb81e3d5c89a37f80b5a0e41797c7d659d41c923fb,0
e5186a192059cc291538d3f1ae2f495a24c0156a1c3b1f1c2af814a1187b1b34,0
7f33326dcb0bdec41d35ccf3b91e1c44f8991b9c9009bc495daf58ba4346b636,0
622d4266d814f38253aa2f4851ac13fa9f25383c901fe648bc0ff395f8919327,0
b412dacf6debc94713206aed5a89ad63fef51ea527fda680c19827a194e8296d,0
0796a73b2ea5674e892fda580713a23212b6dddfb5ebad31f0e7913b405cbede,0
a24c9758514eb74d7168388ab2dc33f28196f8362b2c2d96ea832994f978caf0,0
fc6d0134cbce5da2a3f6ac0d22b6b9643d40df723d888ac180e8c4e6bf1a82f2,0
d34c890193886533c590ef14c6aa1c56995d4f339fbcb551afe3006939227193,0
6d26507d389dd7e46263c68a2aeb6eff09e796bf3d4e0fbe029aa6886700d52f,0
42b35659e23bb58a061d1834eda9d6fc769c365e7e60d3bb03d1e490b5b47a71,0
8c06a45f9b931d46e8b5986d2f28e4ef2d77da4496ac7ee0f5b89d9b93b40a66,0
4ef4b4a0b6ea07ab4d8de8432d7373663f099b5e46f508232f60a7991e977ce2,0
80e148ffcf24462c7bf8844284607779c8fe59fa7cdff672067a9a7a9710fe94,0
6158998d3c33bf9fd6717d2f4078a4af982817a8184a06a33adcf5b36c158658,0
0e2fc0816580c6d84636e705d5f338cf94f73d52dd1765ec936f4f0951d7d688,0
e85abc263bb70ab98b50d02251e189866c30be632b9ac89764e082e586268077,0
b66f67ce2fcc07edbe1a3b6af3fcfd19b315fce72d99858105ed392696f34cff,0
02a477dfbf1c180d04e66cbf7ef556c7dbed819c6797a186fa991231aa0b2f74,0
edaa5c4e06bfec2e5092a8a1a393742a9b089374e5c5920727fddb811a9ef923,0
da26cc39ef6e339b45e059f8b0cecc2ba40deade839a621aa34cead85406ca24,0
d9b5261507317c562bba9100ed86ede9494f84d9d6c38bd74981ee0e610add5b,0
e06e6522f27ea143bb360802df7b4b7b0005b693a60c455c43fb118ebe4e9856,0
327a7cbd0ff6a3d6eaf94041d55fef4cf6d1180d6439c95743145d41c412c90e,0
b8d35ba6ce08c5debb6760f547175391c94ed54ce35325edea8f8fd606bbda02,0
d470bd69b536718990dcd97d8dec4ecaa7cc18e0d976a72e0d2b4ab88b13ec32,0
fbcf10928e0b9fd97f2ab85228359820645981e277d004242bdc0120e8f79a6f,0
d56d4471efdce4633ff4f39d39d18c5bb9f0b3dadf7b9dc0b06c2acd56bb2233,0
462a8d5c54bfb73b572917290954c1b23d9153bfadb5d571142feca04c98c857,0
e82cd78e44e8008a60758f3cf6ef8b1e7c4db5a23336cd34d3ba82fa2f799e84,0
7bd7680d58b5b38f9983bd0c442cfda47b415f08efcc4721324a4f7be8cdaa95,0
147a30a0574f972638435d13bf60e7e7db08f46388535b0c5e643cdd94984560,0
0ac5f386047a35487efbb0ab8eb5b453f7839eafe18bcc0333c121eb75fa6dc3,0
3c0bec43e74c6c3e999f4b69bcd08b868524ee3bb614ab20609412cf31ab0d4b,0
97e2ed2b7ecb5f2f3911f144a52ba202a0aeeef77c32e5aa577698ddd0e0ff36,0
f7b0fc2d55e7e872c9dd19563888c5fcd29817402a4586d9217c2788989b7dbb,0
ffaa9096376b58c3e644f082b6b821f6a0ecfbfa699890ff270aec46c77c50bf,0
a3e0bada369505e061a603eb58fb3c5d417bffb913cb698911f777bbc162190a,0
0e3a6ac84afbb81f7d3d8f1049ceefa42b85add8d2f4c4bdd59f76eb34c2b7bd,0
8a439b68068eb97782eec6a5ea10e66a96d2ac2b8945c6556ca5ce9024f9e1fc,0
5bd8e36a0cc75f8b88cea0cc1043d2a9ed7c0bfc53ece5aeed04d9f3debb2059,0
6d3a58b56b75c788ba9e3d260da5c282fc624c8c7b71caf044fa24a5c21a62b4,0
5496dfca73f8f8e36f53faab0bf8e32dcb80e64c7c3764de731f3a6033152086,0
a6b2b1ca5abec4a6a03ceef773edf25bf782fc83090f0b3a0fc41108104b874f,0
f3f8ce7ab03298aa49de9902f5d4923b74fe8f84f2735aa215e20a9468330088,0
0c3d460c6a80f8c9c97c5bb68617cbbe71dac0b4cbfd3c4b3e961bf98d411a31,0
0e3dba2f441cca64788824763a2d44b64c0eac3a7df8c0d703828aaa6c6747eb,0
1e93ad89bb8e75e687ca1bfae573368e6d7125a03ea220799ef2d10787b858be,0
a0bf4091d1928fd378159bf77484a37e0f0ddb7a6bf7e9b56864be225966da92,0
d75f4852fa31211a10f97d170f64e38f32928fae6df85264ca0f2d4305aa82a4,0
00153ed083a1bec2eb869c080811a378cd687672bf528d412efd1f331601eca2,0
3cee23654236e69713e7aab20c034e67b5ec2b5a7b13171a5ccd6e210a67b942,0
cc2e5c6df0ae6249e69602b7408f636027e1d4acd21b4ffba66548602937f51d,0
a0537ee0912cfc23f2e4f99848669ed4be84cc3cab844421b06eaf5d3051bfcb,0
194357b7ea6a7dcbdb29eefe0bc0bbf0b8c2b979492b7a178d738828acd0629d,0
c3043487b5d70fbb1b5c9e00f3fd30bebc40d7e3ca30c3001249fac24e818d32,0
adfc7b9890afd6c00ae5c0afaeca903f42a4617b4f9f9b3d79521be82852b2fb,0
6fab9019b79d2c40ef9e3e54ff008bfa33152dbe4b7a6e3e2e284e7495e50d25,0
9d3202d359ba20bb96d57ab26c3b09a275f30330d30084396ca2086f7438cc2d,0
17b074a530702478835932870faf1ca5e1689fedca78a2dff4a081e0d9d33586,0
96da508bbdb6592eac97afe4195a594b81c35cd23f9e53dcd04a4b942e42ad41,0
a24ea7ff8f0d9ea5ff9bbba6c5307829b52fedfebe49174467e961aa61f1d6c1,0
dcfad8fbabcb897c3fdd230ebbf311603f4ca5874a80206dba0bb7c29ea16fab,0
1592aad8863dc386c28cb9831787c7433ecac26484ead0370f7606546ae13aad,0
6748f8d8a667df40e5970782dc92264225371a0ef9b3f679271b599eef3874c5,0
bfe682b905a8f5e3e61fb7a4661fff46d4acf30c2c6542d38cb7f2ca908b7c35,0
8fb6d710a5417e1ab9876809e6b75b0b1f2701c643d4f3940c5f02419108e28b,0
ac6b0a228a8cf13b06718880e09b9b1aa7a585143bc5923844bee9aa3b626492,0
d90c4461a139b830bbc6572e0e925bf13d65147274bf08a5554079bd735d1434,0
c2e7f973eeb17e9d5d68cce479e61a1434c711b0e9f0c7e67acb80494336390a,0
cd90b2547be3a4bc4a7a941786945fadbe4ba5356dc506cfdaf07daf39465a81,0
a534fa277ece035c0dcf9d3bab85182a870db4b73316e23f602afa90614c9891,0
ab851ec77b54775a22a6c2528801206b3dff00f0264113e1ed19d8b706b8288c,0
b864bed417d6d7c819fa6a825ed139d0bdc5570d23a72338a8ad4ded761e43ae,0
511eb4df1840f04a0e22e4f7b1b329ad8532101a9a9a0c4b63de99ce7a54a639,0
82b27e246a856e9b3ed66df5f1a0526304dcffd161d26d47eb3c37c27df7493d,0
2cff83b2b463575e814e52cb094ce64887ee78218dc1ad7dc0af690aa7f795a1,0
a772dbd676c926989b80952efda610fea2e9354149367fa859fdce614d585d1e,0
9074bc564aa512650840659d77db1f8bf396d3d671b98aff5c1628c3789f5d0c,0
97b7efd19625539b220fd0c12f2712dc09be2020c24721f53a80823bcb0cc578,0
cd26e5288007c20fdc08684be2fcbb56ff041b9054b33264d0697c238f2b1c4c,0
e0b6da75b92784d4c91bd545c4ef5b49b67d73135a1a98b9f83b1c8f3a395108,0
04286fa3f5c573f92465f2eb7993fd994c3c549985b3b4a331e708960a79bcb3,0
f6cf5ce66b25c0ad2ef69d51d8918938e91bef4b04af01240bd365ba62ba0e6e,0
f04a6de2bc33e77ff3dffe81a6d7e57547148700efb90b1a67afa85eeca7e83c,0
386bd3f90297dd8db22dce4a33aa855eb9f0817a5cc6fdc11deb9e28ab785abc,0
7c59fd311881b003b250b7ca58f018793cba3098350ce46b00fcfb4e1f39e453,0
719623602452842c6dea3592afe55caceef502b86b87ff1ee3a6ab7eb9f25a79,0
eab2b8ba5c09bae0060229e56e705fd015bec30cb3fc38bc1a8ea7d58c85a301,0
9a557ec50d8671143f9b66e2ac673b018c156ef3aefdbea494334bdb3dca32bc,0
34152111eb1c5da7576bbedb6cb7b629a44a9b67911a78e36cb5e6ca9d4533d0,0
af7166825e5cb557b8306019775c6607e3f0b8bb701de267ee39d4d6a4deb6fb,0
68cd076361b721da748b4dd310d9f421c029e3c748ce9c0a3734610c05f2ecfa,0
b37df313cdc28491594daa4d1268134951a285728cb3efd4addbe98778554e72,0
c347c70490409da3fd4a05cb550463d2609d47dcbe4dda7d7854137c25a5be69,0
fb0e28514884543d12ec053057e78a523a285bf462c4498ea5102bac6cd02e39,0
a2b45da53059fb11ff3ce695e74a3e82cfd3d3e0b7c3ae42c7424b9a60bbf6ab,0
d7a6ffc96ab83242d30194b53d6ca718c27bbf09bd955a41036419ba797a8987,0
60953e3d18fad45b0a0a99a71d57ac3f13b34d5b2820e150f36ed96208781582,0
44c97006e1e7db97145ebd6ebc280296fa6216447184c525afbca09bd34165c8,0
46ffa8ec016bc0ee13cce7f87fdbdc243857d0bd632d45fe98b6de4dc05af640,0
73c3fe882093b70fa944eb2763f3f8d688142120d51f78019c593703aef6c483,0
2f02468d59319f76148842f8f696c4f3302dd5679b568417296442bf97359f49,0
7df4d5244f4a6a9a5972217f5f531bca58feb3ec7853fdd1dbbc6c84e16dc799,0
e037c3273bfa8185233320c1529cf13bd81a4208be9bf0e4bed701686593a7b9,0
524b15f4bbecd8bb2a32ab36a2b84fc0dac24db12247b31abf29ecda3d1f558d,0
051c17d5e0131633acff0ea9842f134bd91f8a05a1af20be8d6c46b7932c8f08,0
12232a3efb9510ee890b437b8be7113dbfebf2dde227b596f8b03714c28b97d8,0
60851d90fb552ece28b3e713ba6bc35f2a1a235d9bbd3cabfc42535b10776a8f,0
e7d7577589ce3c7bf92de9e334ee851f79a39b529285a02c72eff28a18b5c1a0,0
b21c054be77e39ce8bfcaa4b3b7739aa3542a96fe1bff233e046de06efab80ee,0
26600f48904017ec9a456a28ad0bdb0b94dfe3fc061f5c6bfee133970f06f143,0
cf3a7a89b4b3b57ff7508d52e2b2414b1faec49d0741c63fd95a76536ab18d97,0
24cb6fc7a2b244445549a2e295aaa35f8e0ebdea1d28406a030948a8cc06b22b,0
0791c605f5a8aef0bc94fd8c0f721ac1c5b842964a35ef50d81332e7df2cf227,0
931a43844018f631617662248a483bed690a69f344226292c21b7551bf7965b5,0
c7369f835b6c17cb94efac540e9bce7abfab9daad919c49c91ebc092ed1bc561,0
57a2be187f75b4484627936ef8ab060e0297a51ddf8e4f18dfd4d8975ae1e052,0
6648542de3bfa5bcc054a42c16d7f4d9f7e4dfa0d910a981c933759d417d503a,0
8852adb00af956e99af29ba52804add6eac8a9c320d83b4cbe2fdd6d222e9d28,0
687c14744154b5f78ae04aa661d962163b15ce6bb4c7401a64f5c331ad685130,0
c7486278a9f21ae7d3ad55926d8292b6fc46966fbd8e33ea7246b6e0ea79e7a0,0
fd17e9cdb75ca88a32e831c49a583738f54118a83849d89067f56678b8ea3205,0
4f16585ab762dd09a0451db500cdf65fca1e0670d5bfd00a326bc8518aa03890,0
ae9aa678cc90908261bd463974cad76b4c6b6ebaaed8a7bf7db90f721a86fb30,0
54c3b146102e7329a08731e753c35683737ca9fab368a7f3d307ec30e98dcc52,0
b719d5df79027c44a17b8f587c0e5314383117747687fde6347711e752051739,0
28adf89e3a343107200b5a32a009a7fbd7afacd9666c923be8f4f66514fd4d3d,0
982f94ae17f45c206425cf8b515d2d5775f86fcc46e0d3aa5c4a4aba65fbbc4c,0
5df678a59a02f1fdba3d874431c33f538e6c0f8a54f31566d18dde505c06854d,0
f43995ba1b77c375ab4e5e4340af435a9f68773b567a8f4b7bba042896bebc94,0
cd26fd7ee4fc109a95154515cd9c53618775f46f76418b0a146088bbec0a0b65,0
8dea4a25e75dd9e862dc53d45021d2225dae63af208abe2e9cf818de6ebd43b8,0
8094ac9a2a673aaaf11496b4e962cd3718d91ccad8174bdf0e95b4a2fff7f81d,0
346c985c114e6fea192ec7f6082cef4bf687910dd117d6a3098bc26d1164c138,0
9a84e1aecb4f96205c3f641fb98057200756dfca727ba7c5f3806be506a3279e,0
c04665c16cc1d65c508255119c20c2e8108052154294b01ff5a3b2369693ae67,0
d87180745569da093e6232b5ccaf7368c1c1cebd870b0023bc0d0a29dc0ae9c2,0
480ea5baf2e6812dea30731df1fa50a408a54fd0844dbde468f31c1f3910b672,0
43f0d00768cd484d94a05214ee5ce8cea18416860b55a4e72c7a4c00fc82e30f,0
c5ba68e6cc75d425bab541d0f616b3867ad910f3693b80d8f45f6903b2243c5b,0
1fad86a0acb1372c554ea8f6940f702d72acc337c5194f2c1417965ea90be5f9,0
755ab0a5b581f5127dc114a3b821f240406aa93f417b70d6401d252e0d2e868b,0
22c2ee861b03937662ccd9368d10696e75ecfd68903e1cd93ca6fb5fa34edd94,0
cb4d66557160263f39d5de0caec3c9ed8b6a6c9dea76f1d2e25270aae731b9c1,0
1343ecec075aa3a64eac4ec4c8f92973f453267d93a96cd9159f788c2b023532,0
da435bdf2c8639df7cf825c14939f20016c87cc8e43b998cee257d20aa244b4c,0
1a5f3793377f82496e7411e932d8b99b4876cec098c56bb197775e9bd961a70e,0
65e1b9fb1518bca194dab0a6b0d3138ad1c9344b85b0a334d4088b23d7263893,0
4adf088e7e8d34e53e771bb7899b1e5a37aa4cd5a80e68e0bfabb1edc8efb06b,0
e78956a02e3dcf9dc25240d8250615ab284b096dc7956358c03be493edf4ffb0,0
eae81caf26258084251531c8f934075f7ee342a87a829f91a37060fd2271bbee,0
3689eb1c643c7794a73b898fc58f41aaa87205a54f298893b93185fd4460a8ec,0
3562445c9679ee2d96f75a4ba0e1cdc6751bc8745e6b9e8d76e1d9fc82c1cb3f,0
b8719dfab68cbd343515d690bb190036dca05ddfdd77ead52f3891e28928353a,0
9b23a935e5b0f23590eee6758c46ff16eeaf4dba8c1829840d9f45632688f83e,0
25d8517689ab1bbfa55d6976f839dee064aa809ab4d38b360d37d9ff2ef8e97e,0
b4028336e5d78c6dc6e7e9757a763c83829ad2eae2371c60c3650f0c0c87b308,0
645403fe03e2a837c368f4571e25f6e0d984c38c2bfcf069729316192a18c318,0
682bb247ff3ad1fc1548f45d409f4679c4b288cc03557cf67a1f0fb835893bb7,0
d3cd94c3ae47fc7d3ecca13c15791a44a33cab6528838dd21c460b805fa7a0b2,0
b819e9c044cc681c3353a317290b38d52c0de023a8f555593d92d1b884884cb2,0
24fe510fa077502cf38bfe3231dbd0926595b797cddac634cc60cb5e0545f35d,0
00c2ccd3d33e03f0618d88c36b06469c6fd15c8ec921e96acf0cb47419ca7a90,0
be03eae39e01e7eaff760985fbecc5d009c98efbc2f45b357e331820ba3dfa1b,0
2bc215f281b338887dfa5d99782d7b7efe0eb4249f892810d806f25906e19c6f,0
4bf927a7ace0c02851213a9cbbcaa01adda0eecabe4e51acafed4b4dd08e6187,0
0064706d393f2b00872a37fb58b5476eb3292f16acd31f9b2f466b305c49aa0d,0
6cc7cd05858b3bae17b42fa204c2178696403a0f4a4c19c44666c4e21931554e,0
0b4e6ae4999690e9a98259c43cc33b86ae9f6ac67ca00e8b25269f428cad6696,0
2a866818c8e1084c4cd6d6b98603b18f0a44d2eeef0db2d021479ff0125fbb82,0
6c564b9eb111366b00a81ec5c4cd9b5bf9a9c60a0edebc8a5763681f64ec73f0,0
a7bc4c9aef20b64114174203d1e19df3ce4424e66ab4269d607fe0b7a0bec262,0
9410e16a4bccd6f22d6462e20be36342c23f1bf1abae9a57b4c75fe4d9d844be,0
29025ca6f8798660cd7d9d0a1df7491d92cafd67cf46b7be63ced648bd37db90,0
242436d29f4719f6b6764ae51b861e8722a0fe36097d97ff3b12b46bc5df3d6f,0
d4261760625c914d30a0f395d797c2c7c5114adb84790244156def54ad3ffdf4,0
efedbb3b70e6430daaab2ef410f83a587872681f0c4d667990688a7674e0c7d1,0
be7935d8a248277fa8d7f28df279a160b355fb96bee53c9c57cb90d283b59f68,0
fa69c97a826003a8b91fab6f0e53421a4d3c401296b5ae91b6986d3022defd23,0
d879c79a5981eed1ad6f6e67a494abe58b76b810e1de12e7db729736d656ad28,0
a5d8ec855063d0e739fb805d0143119ffdf93f59293a037697352549be437d90,0
c606305497fab8c8b4bd34d5fab6d205089f07326b0343542e57dc283c444d05,0
2acf69b15e9bfdcfee1665120ca4a54a37a28bbfddd27258735f37df8f7b6fe0,0
5801085f2a597033c9b56f47333809dbe1fc80632e6b0fd72763b6dfcf6acb3e,0
98a8f64e3cd62ed7a41751f44bc0bac7f98355e74de2c7ad13dc10a978b505d2,0
c131e52f14e3ee74b5f8b8bf5f242065456195472472b5e40004439468eba9eb,0
a871d8cae76eebb51279f79eb368d0a05592309e7771fa4e9c76514304e7aaf0,0
10d3661d6bfed142cc672a57b739037cf935fb7a81931ac797be27f9b7a0efac,0
a977d3c4ab281afe09da8a807850b9d29c959a18426be401965822cb021ccc78,0
8be9815d1350aec6a480b8cd4d7a1f536f9457f84495104c08df80988861a015,0
2334ee54d5e68d0d23be967bb71e852816d6610da6f62d116f38d0a0e2a0d7ff,0
cb68f47d22569ebac84c390e9da503d6874f960b802f6a86042461e058a5ebda,0
48c941a095c8c1409d3b77a9a44256f7766857d4d9572ebac34719abe3d43b94,0
cbe66ad4814d92de26b86663163805f09733005ef2f3f9d81a68ed18c7587dea,0
43c7504dc590d6235e666e3e0c8fbd61a3a8b63f44242d2b3b1e35d898557016,0
2ac61dec136efa64e85eb5f895f46b6b9291797aa2e67e078106ba48da86a559,0
c1a2f2b996942eedaef7eef241ec1d997ab430103f00866e1afa35fec8b7a9ca,0
87890fbebd8e3bbff06180664d97090591fd409a21d3b60448d9a95259e91202,0
2113b0180a77d98a57f8501bc3152f84a2d979325a0802a95afdecc0eb18c4d3,0
56814770e01cadc44b3c9470b76e4b9ec927473e9887f56480cf9893d3c00342,0
f7171932456a3e70f959ea658dbd25a9f70c47d5f32d521bfe8cb4aa8b04ee33,0
4fbe75f74e00fc856a0fe0b2a22b81acab5ed60c6eca59bd5d2f70630e60ed65,0
91adb9de567b0043145bf5a221cf940133252d8e8e763ebad71a1dbc4eec3161,0
679c05da34afd88ede940abb2831f56f54849d304c64b8d76dab8e816eb8e406,0
4a1893d8f927197c99bf668ae7e46a9c0f2350886b9b13090a83a60ea22d9166,0
2421be147889a21a24be738cacaf561e6702227a2591b383c53611acd29fc12f,0
5632c0bf2f6acb0f1ed4e501a2084e7fd3368dbb5135a33000858fd5a60cc68c,0
c1573f6e08e5d5f73c08b4d009c176ea70d9ace765b15c67726c331dc7ac078e,0
48b8d15e93a09459dc27fcd7292805fb9fa15783151faf8f6af44292fb93d98a,0
2a5a0a1e988a2e1bb03ba7f8a8442a8a2816cbe5f6d5514b55c283ee0fa9451a,0
496bb3b634a0a6eb642f2e382aaf71ff568ad17e8d3c67064cd3011f5f691dd9,0
9958b1708d204dca4bca1948611d1cb1f3561a9287e439a8efd7a7190c57e6d1,0